{
  "domSize": {
    "offscreenImages": 13.982824026954638,
    "unusedJavascript": 11.24327988093154,
    "totalByteWeight": 10.89475107177584,
    "unusedCssRules": 10.272152208551393,
    "imageDownloadedNotDisplayed": 10.086556112881746,
    "bootupTime": 9.128426949172985,
    "httpRequests": 8.181478705401796,
    "usesLongCacheTtl": 7.566335943148237,
    "mainthreadWorkBreakdown": 6.69407569494387,
    "noDocumentWrite": 6.241248226495924,
    "legacyJavascript": 5.708871179742041
  },
  "nbRequest": {
    "styleSheets": 15.762125668446606,
    "useStandardTypefaces": 10.542803133857829,
    "domainsNumber": 10.420524890731944,
    "mainthreadWorkBreakdown": 7.92777584018798,
    "bootupTime": 7.397812172143392,
    "externalizeJs": 6.685190499228629,
    "usesLongCacheTtl": 5.980077429774409,
    "unusedJavascript": 5.32848737103873,
    "domSize": 4.997091009200464,
    "dontResizeImageInBrowser": 4.772152384110273,
    "externalizeCss": 4.68637977618428,
    "optimizeBitmapImages": 4.5754286975963145,
    "offscreenImages": 4.301329491075125,
    "totalByteWeight": 4.203836265110408,
    "noRedirect": 2.418985371313603
  },
  "responsesSize": {
    "externalizeJs": 21.459403410685713,
    "domainsNumber": 11.949778945246905,
    "jsValidate": 10.318302422577972,
    "externalizeCss": 8.208732006730234,
    "mainthreadWorkBreakdown": 6.782970361206256,
    "modernImageFormats": 5.235596450268702,
    "maxCookiesLength": 4.346664177501388,
    "compressHttp": 4.0500480292705445,
    "socialNetworkButton": 3.5896673623636417,
    "httpRequests": 3.418959811025193,
    "styleSheets": 2.7482798260787598,
    "usesTextCompression": 2.664050636526425,
    "optimizeBitmapImages": 2.5517536915697727,
    "bootupTime": 2.5516412983202814,
    "unusedJavascript": 2.321860717299138,
    "useETags": 2.310601858522788,
    "domSize": 1.8642660827638455,
    "unusedCssRules": 1.2408047861805858,
    "dontResizeImageInBrowser": 1.2325771903529352
  },
  "largestContentfulPaint": {
    "unusedJavascript": 23.1608171639849,
    "usesLongCacheTtl": 12.386351581686677,
    "domSize": 7.987890368577971,
    "mainthreadWorkBreakdown": 7.558458529207682,
    "domainsNumber": 4.840734605247592,
    "externalizeJs": 4.424147441614103,
    "unusedCssRules": 4.391695830146455,
    "externalizeCss": 3.678224596500758,
    "useStandardTypefaces": 3.5597773443300063,
    "totalByteWeight": 3.4447894878944543,
    "modernImageFormats": 3.4013962300400298,
    "bootupTime": 3.20865869554186,
    "httpRequests": 2.988836262177772,
    "lcpLazyLoaded": 2.8978477262148616,
    "legacyJavascript": 2.5048709406523364,
    "fontDisplay": 2.472543159351314,
    "addExpiresOrCacheControlHeaders": 1.9322365652710474,
    "optimizeBitmapImages": 1.5252519807348075,
    "minifiedCss": 1.1555949228005988,
    "usesTextCompression": 1.0435783711113775
  },
  "cumulativeLayoutShift": {
    "usesResponsiveImages": 29.112159887051913,
    "mainthreadWorkBreakdown": 23.246407040678633,
    "bootupTime": 19.60953190842786,
    "offscreenImages": 11.194225846943054,
    "imageDownloadedNotDisplayed": 10.806799362166648,
    "minifiedJs": 6.030875954731897
  },
  "firstContentfulPaint": {
    "unusedCssRules": 17.578375540371287,
    "mainthreadWorkBreakdown": 16.550592816758673,
    "bootupTime": 13.485247548122715,
    "unusedJavascript": 10.504360060439282,
    "httpRequests": 8.4415541950986,
    "usesLongCacheTtl": 8.208605950649961,
    "noRedirect": 6.42862362413997,
    "dontResizeImageInBrowser": 4.911788465323771,
    "domainsNumber": 4.826944865577769,
    "totalByteWeight": 4.005765730807689,
    "fontDisplay": 2.752303724037413,
    "externalizeJs": 2.3058374786728684
  },
  "speedIndex": {
    "mainthreadWorkBreakdown": 36.55753367433272,
    "bootupTime": 31.41041477408788,
    "externalizeCss": 17.797090226932433,
    "httpRequests": 14.234961324646973
  },
  "totalBlockingTime": {
    "bootupTime": 31.07111206963055,
    "mainthreadWorkBreakdown": 28.906773093014444,
    "usesLongCacheTtl": 6.190560428046609,
    "domSize": 6.058865754060746,
    "noRedirect": 4.449035642065199,
    "thirdPartySummary": 4.352332181246215,
    "httpRequests": 3.661288686794589,
    "domainsNumber": 3.5012806223838164,
    "unusedJavascript": 3.395993481277712,
    "addExpiresOrCacheControlHeaders": 3.3723819456144195,
    "externalizeCss": 2.860727770195964,
    "externalizeJs": 2.179648325669748
  },
  "interactive": {
    "mainthreadWorkBreakdown": 18.20248869259898,
    "bootupTime": 15.178367639271606,
    "unusedJavascript": 10.704076875984518,
    "domainsNumber": 9.32774906914718,
    "httpRequests": 7.554761721457277,
    "usesLongCacheTtl": 4.243666223490364,
    "domSize": 3.581068521602529,
    "externalizeCss": 2.716041918411867,
    "useETags": 2.289159781423085,
    "modernImageFormats": 1.9293030626275667,
    "totalByteWeight": 1.8849094147120837,
    "noRedirect": 1.8829075536855526,
    "externalizeJs": 1.8575974876267682,
    "styleSheets": 1.6622524425265037,
    "offscreenImages": 1.6286387660147383,
    "unusedCssRules": 1.6068194293079225,
    "thirdPartySummary": 1.5464738094902761
  }
}